"Type","independent_var","dependent_var","pearson_r","p_value","n"
"int","bare.soil","B1_CV",0.0135306089319108,0.940426611767999,33
"int","bare.soil","B1_RaoQ_w3",-0.1239853704583,0.49180635516026,33
"int","bare.soil","B1_RaoQ_w5",-0.098666673654256,0.584874818155484,33
"int","bare.soil","B1_RaoQ_w7",-0.101142394022005,0.575441812874373,33
"int","bare.soil","B1_RaoQ_w9",-0.129738834992034,0.47176781419451,33
"int","bare.soil","B1_glcm_ASM",-0.13197822945482,0.464085709875254,33
"int","bare.soil","B1_glcm_contrast",-0.361435737346787,0.0387640090738893,33
"int","bare.soil","B1_glcm_dissimilarity",-0.338159110993294,0.0542533837363864,33
"int","bare.soil","B1_glcm_entropy",-0.128619048577085,0.475634007102066,33
"int","bare.soil","B1_glcm_homogeneity",-0.125316356711617,0.487132469494199,33
"int","bare.soil","B2_CV",-0.124155256480835,0.491208513363357,33
"int","bare.soil","B2_RaoQ_w3",-0.159578367153269,0.375043965220988,33
"int","bare.soil","B2_RaoQ_w5",-0.135437259612951,0.452351046277344,33
"int","bare.soil","B2_RaoQ_w7",-0.129562960949902,0.472373947390553,33
"int","bare.soil","B2_RaoQ_w9",-0.146599008736002,0.415594804905221,33
"int","bare.soil","B2_glcm_ASM",-0.0336517886882454,0.852512712013292,33
"int","bare.soil","B2_glcm_contrast",-0.289636528110083,0.102061531940353,33
"int","bare.soil","B2_glcm_dissimilarity",-0.231140728446772,0.195591693420218,33
"int","bare.soil","B2_glcm_entropy",-0.00733510067053934,0.967684395075139,33
"int","bare.soil","B2_glcm_homogeneity",0.0340939690369107,0.850596299404995,33
"int","bare.soil","B3_CV",0.0498729212787529,0.782837883326817,33
"int","bare.soil","B3_RaoQ_w3",-0.0600003822270559,0.740127248907213,33
"int","bare.soil","B3_RaoQ_w5",-0.0737343002515692,0.683424191402194,33
"int","bare.soil","B3_RaoQ_w7",-0.0807542156784784,0.655061795674672,33
"int","bare.soil","B3_RaoQ_w9",-0.108178482646379,0.549013321491466,33
"int","bare.soil","B3_glcm_ASM",-0.0879834098901491,0.626340641536029,33
"int","bare.soil","B3_glcm_contrast",-0.249422985625022,0.161568306426918,33
"int","bare.soil","B3_glcm_dissimilarity",-0.214934690776744,0.229674302906785,33
"int","bare.soil","B3_glcm_entropy",-0.0484183052349498,0.789027137728842,33
"int","bare.soil","B3_glcm_homogeneity",-0.0102945349764359,0.95465770940098,33
"int","bare.soil","B4_CV",0.248093780881244,0.163888122742258,33
"int","bare.soil","B4_RaoQ_w3",-0.143302286709265,0.42627254356592,33
"int","bare.soil","B4_RaoQ_w5",-0.0835146916178888,0.644034371918816,33
"int","bare.soil","B4_RaoQ_w7",-0.0571178595766108,0.75221251943026,33
"int","bare.soil","B4_RaoQ_w9",-0.0595460526838139,0.742028110994822,33
"int","bare.soil","B4_glcm_ASM",0.0298960423269515,0.868822464407143,33
"int","bare.soil","B4_glcm_contrast",-0.237739989462975,0.182778989237661,33
"int","bare.soil","B4_glcm_dissimilarity",-0.217130210078801,0.224836096498693,33
"int","bare.soil","B4_glcm_entropy",0.0437955337089277,0.808779074625986,33
"int","bare.soil","B4_glcm_homogeneity",0.028211703329605,0.876154579007747,33
"int","bare.soil","SSD",-0.238231510662723,0.181848945896776,33
"int","grasses","B1_CV",-0.0574859411182556,0.750666012187875,33
"int","grasses","B1_RaoQ_w3",-0.365637397834694,0.0363928708035709,33
"int","grasses","B1_RaoQ_w5",-0.386888488597352,0.0261329205218162,33
"int","grasses","B1_RaoQ_w7",-0.39849759081051,0.0216188455658863,33
"int","grasses","B1_RaoQ_w9",-0.395860300164647,0.02258307673484,33
"int","grasses","B1_glcm_ASM",-0.177498866023075,0.323048269482826,33
"int","grasses","B1_glcm_contrast",0.0223368870900232,0.901803653460597,33
"int","grasses","B1_glcm_dissimilarity",-0.160477212350244,0.372324791645055,33
"int","grasses","B1_glcm_entropy",-0.320007551800013,0.0694475232090235,33
"int","grasses","B1_glcm_homogeneity",-0.524543776033999,0.00172617346846653,33
"int","grasses","B2_CV",-0.0919546797384626,0.610785935408393,33
"int","grasses","B2_RaoQ_w3",-0.367149998687685,0.0355685802788018,33
"int","grasses","B2_RaoQ_w5",-0.383758787075371,0.0274741772661503,33
"int","grasses","B2_RaoQ_w7",-0.374869752412613,0.0315942263825467,33
"int","grasses","B2_RaoQ_w9",-0.346432719740188,0.0482670362060345,33
"int","grasses","B2_glcm_ASM",-0.213757704982262,0.232296768099657,33
"int","grasses","B2_glcm_contrast",-0.0215062961878626,0.905438441021393,33
"int","grasses","B2_glcm_dissimilarity",-0.19688229604861,0.272123544254783,33
"int","grasses","B2_glcm_entropy",-0.332287398339659,0.0588481557243587,33
"int","grasses","B2_glcm_homogeneity",-0.492963028141947,0.0035596194712238,33
"int","grasses","B3_CV",0.0163440794890933,0.928068498977062,33
"int","grasses","B3_RaoQ_w3",-0.255616613837484,0.151069146268473,33
"int","grasses","B3_RaoQ_w5",-0.24870550652865,0.162817553195526,33
"int","grasses","B3_RaoQ_w7",-0.239849574345251,0.178810876422806,33
"int","grasses","B3_RaoQ_w9",-0.232351016369306,0.19319625212827,33
"int","grasses","B3_glcm_ASM",-0.121312696363343,0.501260335832316,33
"int","grasses","B3_glcm_contrast",-0.0158227213553461,0.93035739460734,33
"int","grasses","B3_glcm_dissimilarity",-0.0143971177783542,0.936618902965493,33
"int","grasses","B3_glcm_entropy",-0.179836572816551,0.31661238948296,33
"int","grasses","B3_glcm_homogeneity",-0.21151960286594,0.237339077876752,33
"int","grasses","B4_CV",0.180861031351775,0.313817366552805,33
"int","grasses","B4_RaoQ_w3",-0.0471941295315783,0.794245733857089,33
"int","grasses","B4_RaoQ_w5",-0.042367526229741,0.814904692428629,33
"int","grasses","B4_RaoQ_w7",-0.0710583811057937,0.694351083330922,33
"int","grasses","B4_RaoQ_w9",-0.116113109637829,0.51991132984309,33
"int","grasses","B4_glcm_ASM",-0.227049204597064,0.203842767433059,33
"int","grasses","B4_glcm_contrast",0.376098841302568,0.0309962402750146,33
"int","grasses","B4_glcm_dissimilarity",0.275768638095285,0.120331717161973,33
"int","grasses","B4_glcm_entropy",-0.283564468521377,0.109783793578597,33
"int","grasses","B4_glcm_homogeneity",-0.29489259909843,0.0957151099955944,33
"int","grasses","SSD",0.0843408539975597,0.640748352351367,33
"int","herbs","B1_CV",-0.0102288165555334,0.954946872657809,33
"int","herbs","B1_RaoQ_w3",0.32724528130449,0.0630340588895175,33
"int","herbs","B1_RaoQ_w5",0.352749038200721,0.0440618430951022,33
"int","herbs","B1_RaoQ_w7",0.371102053177269,0.0334861496876889,33
"int","herbs","B1_RaoQ_w9",0.379165840958891,0.0295442356981157,33
"int","herbs","B1_glcm_ASM",0.235987761050649,0.186121768488559,33
"int","herbs","B1_glcm_contrast",-0.0436336486421967,0.809472948502847,33
"int","herbs","B1_glcm_dissimilarity",0.0772876030692268,0.669011783588164,33
"int","herbs","B1_glcm_entropy",0.339539663444547,0.0532155190179322,33
"int","herbs","B1_glcm_homogeneity",0.450566240452274,0.00850503135731265,33
"int","herbs","B2_CV",0.0359390758416078,0.8426087649807,33
"int","herbs","B2_RaoQ_w3",0.323640270078984,0.0661677006250773,33
"int","herbs","B2_RaoQ_w5",0.340625051054375,0.0524106715400902,33
"int","herbs","B2_RaoQ_w7",0.338192169850995,0.0542283447311753,33
"int","herbs","B2_RaoQ_w9",0.322464562225182,0.067215638753964,33
"int","herbs","B2_glcm_ASM",0.221767663559187,0.214845425403866,33
"int","herbs","B2_glcm_contrast",-0.0213949487290473,0.905925858635044,33
"int","herbs","B2_glcm_dissimilarity",0.0715190517211549,0.69246559121899,33
"int","herbs","B2_glcm_entropy",0.300857541506288,0.0888815913082929,33
"int","herbs","B2_glcm_homogeneity",0.384550003181218,0.0271298802806099,33
"int","herbs","B3_CV",-0.0625281685339533,0.729579096623983,33
"int","herbs","B3_RaoQ_w3",0.206495164654998,0.248924982027436,33
"int","herbs","B3_RaoQ_w5",0.212161715259488,0.235884979868257,33
"int","herbs","B3_RaoQ_w7",0.210704551513863,0.23919345910123,33
"int","herbs","B3_RaoQ_w9",0.213185881468656,0.233578121793793,33
"int","herbs","B3_glcm_ASM",0.141430314452347,0.432402712177217,33
"int","herbs","B3_glcm_contrast",-0.00279979204009864,0.987662463216789,33
"int","herbs","B3_glcm_dissimilarity",-0.049280717492294,0.785356101078284,33
"int","herbs","B3_glcm_entropy",0.163352237908212,0.363705622814682,33
"int","herbs","B3_glcm_homogeneity",0.118975247564066,0.509602882721664,33
"int","herbs","B4_CV",-0.23854941782229,0.181249190614458,33
"int","herbs","B4_RaoQ_w3",0.0889348535875027,0.622599261706497,33
"int","herbs","B4_RaoQ_w5",0.0968505778971297,0.591837647466401,33
"int","herbs","B4_RaoQ_w7",0.124156542634149,0.491203988708057,33
"int","herbs","B4_RaoQ_w9",0.165417522181026,0.357587901570626,33
"int","herbs","B4_glcm_ASM",0.281995050852905,0.111849301143483,33
"int","herbs","B4_glcm_contrast",-0.325507922044362,0.0645293678606153,33
"int","herbs","B4_glcm_dissimilarity",-0.209396642435973,0.242189430100408,33
"int","herbs","B4_glcm_entropy",0.326486608276519,0.0636836489824599,33
"int","herbs","B4_glcm_homogeneity",0.334322236157514,0.0572223155829033,33
"int","herbs","SSD",0.0225390316663426,0.900919332380236,33
"int","litter","B1_CV",0.027985111526046,0.87714174349299,33
"int","litter","B1_RaoQ_w3",0.0713193258041647,0.693282833560465,33
"int","litter","B1_RaoQ_w5",0.0588160701573856,0.745085404197191,33
"int","litter","B1_RaoQ_w7",0.0543180651682006,0.764006523503969,33
"int","litter","B1_RaoQ_w9",0.0559927420415736,0.756945582733985,33
"int","litter","B1_glcm_ASM",-0.0998954530352607,0.580184373109295,33
"int","litter","B1_glcm_contrast",0.29148421227209,0.0997952734082554,33
"int","litter","B1_glcm_dissimilarity",0.380369797538417,0.0289896641588854,33
"int","litter","B1_glcm_entropy",-0.0317500211418013,0.860764292562924,33
"int","litter","B1_glcm_homogeneity",0.130177540106164,0.470257636678266,33
"int","litter","B2_CV",0.0954085395461814,0.597391984024008,33
"int","litter","B2_RaoQ_w3",0.0838782852616437,0.642587376644186,33
"int","litter","B2_RaoQ_w5",0.0699039531987956,0.699083959103141,33
"int","litter","B2_RaoQ_w7",0.0594251095238678,0.742534375897425,33
"int","litter","B2_RaoQ_w9",0.0532976129905505,0.768318262510543,33
"int","litter","B2_glcm_ASM",-0.0603734558718942,0.738567478826758,33
"int","litter","B2_glcm_contrast",0.259421363967865,0.144869722297353,33
"int","litter","B2_glcm_dissimilarity",0.368377951696456,0.0349105973511514,33
"int","litter","B2_glcm_entropy",0.0125189665325955,0.944873715264925,33
"int","litter","B2_glcm_homogeneity",0.144570275038571,0.42214778102922,33
"int","litter","B3_CV",-0.152798729729524,0.395926908815691,33
"int","litter","B3_RaoQ_w3",-0.0638656641615938,0.724017365878595,33
"int","litter","B3_RaoQ_w5",-0.0938361373316032,0.603473977936609,33
"int","litter","B3_RaoQ_w7",-0.107242012223278,0.552497721691199,33
"int","litter","B3_RaoQ_w9",-0.103315464143299,0.567218750811133,33
"int","litter","B3_glcm_ASM",-0.138707303720641,0.44140578519296,33
"int","litter","B3_glcm_contrast",0.160190950481761,0.373189523500777,33
"int","litter","B3_glcm_dissimilarity",0.150665025955525,0.402634678149533,33
"int","litter","B3_glcm_entropy",-0.108700852052457,0.5470741896817,33
"int","litter","B3_glcm_homogeneity",-0.0374268881036849,0.836179126111162,33
"int","litter","B4_CV",-0.172694451055329,0.336527630701918,33
"int","litter","B4_RaoQ_w3",-0.107915691100371,0.549990069649445,33
"int","litter","B4_RaoQ_w5",-0.187871227010639,0.295107279912744,33
"int","litter","B4_RaoQ_w7",-0.192548981245284,0.283026401745917,33
"int","litter","B4_RaoQ_w9",-0.166211902535977,0.35525131222312,33
"int","litter","B4_glcm_ASM",-0.1559729558502,0.38606769928868,33
"int","litter","B4_glcm_contrast",0.0137971157271835,0.939255356457885,33
"int","litter","B4_glcm_dissimilarity",-0.082701797969504,0.647274085089364,33
"int","litter","B4_glcm_entropy",-0.159919186872221,0.374011552267914,33
"int","litter","B4_glcm_homogeneity",-0.209399569408964,0.242182697523758,33
"int","litter","SSD",-0.260700126288888,0.14282831656932,33
"int","moss","B1_CV",0.194490320752185,0.278107597840801,33
"int","moss","B1_RaoQ_w3",0.312236583104935,0.0768888206298727,33
"int","moss","B1_RaoQ_w5",0.283715705317763,0.109586275182982,33
"int","moss","B1_RaoQ_w7",0.271511816595662,0.12640041845908,33
"int","moss","B1_RaoQ_w9",0.269117841323412,0.129911349839913,33
"int","moss","B1_glcm_ASM",0.0893874218819625,0.620822857994155,33
"int","moss","B1_glcm_contrast",0.272363299354314,0.125168747913255,33
"int","moss","B1_glcm_dissimilarity",0.424997274605031,0.0136845374396343,33
"int","moss","B1_glcm_entropy",0.196994981188702,0.271843720394978,33
"int","moss","B1_glcm_homogeneity",0.425794383627797,0.0134902026188826,33
"int","moss","B2_CV",0.278597681367257,0.116420198850201,33
"int","moss","B2_RaoQ_w3",0.361574723934436,0.03868362803614,33
"int","moss","B2_RaoQ_w5",0.346657852741148,0.0481118378779666,33
"int","moss","B2_RaoQ_w7",0.324544110778108,0.0653708176375386,33
"int","moss","B2_RaoQ_w9",0.30108582037994,0.0886277029392231,33
"int","moss","B2_glcm_ASM",0.115027969722213,0.52384617749151,33
"int","moss","B2_glcm_contrast",0.291966878816127,0.0992095966022297,33
"int","moss","B2_glcm_dissimilarity",0.451962746367524,0.00827843173571179,33
"int","moss","B2_glcm_entropy",0.187326949824891,0.296533948187236,33
"int","moss","B2_glcm_homogeneity",0.329026584315583,0.0615293298384485,33
"int","moss","B3_CV",0.196921697737382,0.272025679238748,33
"int","moss","B3_RaoQ_w3",0.341798110330997,0.051551720664521,33
"int","moss","B3_RaoQ_w5",0.338141777342247,0.054266516025718,33
"int","moss","B3_RaoQ_w7",0.330364511461,0.0604178370695097,33
"int","moss","B3_RaoQ_w9",0.325946023169633,0.0641497059668039,33
"int","moss","B3_glcm_ASM",0.173732560673786,0.333586370421539,33
"int","moss","B3_glcm_contrast",0.238926060924127,0.180540433530303,33
"int","moss","B3_glcm_dissimilarity",0.348626094219308,0.0467719094243939,33
"int","moss","B3_glcm_entropy",0.237180320924573,0.183842054052376,33
"int","moss","B3_glcm_homogeneity",0.390595158567715,0.0246144539390129,33
"int","moss","B4_CV",-0.0284325712068106,0.875192527485047,33
"int","moss","B4_RaoQ_w3",0.127619755218656,0.479098080108893,33
"int","moss","B4_RaoQ_w5",0.0743328343361926,0.680988637256038,33
"int","moss","B4_RaoQ_w7",0.0587085570541021,0.745536011650086,33
"int","moss","B4_RaoQ_w9",0.0661316230900161,0.714626458361995,33
"int","moss","B4_glcm_ASM",-0.0353724426094406,0.845060141361549,33
"int","moss","B4_glcm_contrast",0.00901895691495717,0.960271265467423,33
"int","moss","B4_glcm_dissimilarity",0.0321134818710682,0.859186127725769,33
"int","moss","B4_glcm_entropy",0.00443357391815291,0.980464171494265,33
"int","moss","B4_glcm_homogeneity",0.073390568528995,0.684824323195514,33
"int","moss","SSD",0.109623300256469,0.543657782649665,33
"int","veg_height_cm","B1_CV",-0.142548277069603,0.428735890063151,33
"int","veg_height_cm","B1_RaoQ_w3",-0.0655242851425064,0.717139513443454,33
"int","veg_height_cm","B1_RaoQ_w5",-0.0454788147050447,0.801572735983498,33
"int","veg_height_cm","B1_RaoQ_w7",-0.0186605721241422,0.917905592634372,33
"int","veg_height_cm","B1_RaoQ_w9",0.00787688465369953,0.965298887315982,33
"int","veg_height_cm","B1_glcm_ASM",0.119819258214888,0.5065825917076,33
"int","veg_height_cm","B1_glcm_contrast",-0.101926584377381,0.572468207731228,33
"int","veg_height_cm","B1_glcm_dissimilarity",-0.0902332752081119,0.617508382518155,33
"int","veg_height_cm","B1_glcm_entropy",0.132044944049346,0.463857870076152,33
"int","veg_height_cm","B1_glcm_homogeneity",0.114558691940784,0.525552319301372,33
"int","veg_height_cm","B2_CV",-0.0153898657422549,0.932258158480401,33
"int","veg_height_cm","B2_RaoQ_w3",0.0133661195310182,0.941149578023554,33
"int","veg_height_cm","B2_RaoQ_w5",0.0295298059125787,0.870415841410769,33
"int","veg_height_cm","B2_RaoQ_w7",0.0523039774525029,0.772523252317806,33
"int","veg_height_cm","B2_RaoQ_w9",0.0751383737065547,0.677715726312137,33
"int","veg_height_cm","B2_glcm_ASM",0.118010114907883,0.513067556484804,33
"int","veg_height_cm","B2_glcm_contrast",-0.0908535601637094,0.615082488997871,33
"int","veg_height_cm","B2_glcm_dissimilarity",-0.0768989367112579,0.670582715421462,33
"int","veg_height_cm","B2_glcm_entropy",0.131229514507382,0.466646735257528,33
"int","veg_height_cm","B2_glcm_homogeneity",0.127134044262108,0.480786523916122,33
"int","veg_height_cm","B3_CV",-0.116592259904676,0.518178498248592,33
"int","veg_height_cm","B3_RaoQ_w3",-0.0735696140232061,0.684094883490524,33
"int","veg_height_cm","B3_RaoQ_w5",-0.0490694252884707,0.786255093785965,33
"int","veg_height_cm","B3_RaoQ_w7",-0.0358253262381856,0.843100754512109,33
"int","veg_height_cm","B3_RaoQ_w9",-0.0140197597020243,0.938276966987312,33
"int","veg_height_cm","B3_glcm_ASM",0.0722633535843548,0.689423045348265,33
"int","veg_height_cm","B3_glcm_contrast",-0.110431049715837,0.540674490681269,33
"int","veg_height_cm","B3_glcm_dissimilarity",-0.200222505614226,0.263908501804745,33
"int","veg_height_cm","B3_glcm_entropy",0.0298515751147396,0.869015900080381,33
"int","veg_height_cm","B3_glcm_homogeneity",-0.104940845794267,0.561103399564119,33
"int","veg_height_cm","B4_CV",-0.255462133147395,0.151324850767703,33
"int","veg_height_cm","B4_RaoQ_w3",-0.0253506107021245,0.888632109194156,33
"int","veg_height_cm","B4_RaoQ_w5",0.0743914646027721,0.680750228515073,33
"int","veg_height_cm","B4_RaoQ_w7",0.161697157348742,0.368652871384583,33
"int","veg_height_cm","B4_RaoQ_w9",0.230838163675958,0.196193758801126,33
"int","veg_height_cm","B4_glcm_ASM",0.143124845798883,0.426851535050504,33
"int","veg_height_cm","B4_glcm_contrast",-0.207193597273427,0.247292366057498,33
"int","veg_height_cm","B4_glcm_dissimilarity",-0.162066057400516,0.367546749623673,33
"int","veg_height_cm","B4_glcm_entropy",0.173781416919462,0.333448336416713,33
"int","veg_height_cm","B4_glcm_homogeneity",0.181657321252759,0.311655548642396,33
"int","veg_height_cm","SSD",-0.0623285095820212,0.730410511182124,33
"ext","bare.soil","B1_CV",-0.0361655960841584,0.841629194250585,33
"ext","bare.soil","B1_RaoQ_w3",0.11805776564408,0.512896224585295,33
"ext","bare.soil","B1_RaoQ_w5",0.108713098055963,0.547028768943341,33
"ext","bare.soil","B1_RaoQ_w7",0.112785644235412,0.532022835110188,33
"ext","bare.soil","B1_RaoQ_w9",0.11694072826963,0.516920059238528,33
"ext","bare.soil","B1_glcm_ASM",0.0140666902476913,0.938070746066295,33
"ext","bare.soil","B1_glcm_contrast",0.220192006140713,0.218205204609206,33
"ext","bare.soil","B1_glcm_dissimilarity",0.216493143689625,0.226232795130458,33
"ext","bare.soil","B1_glcm_entropy",-0.0187162771245244,0.917661354446526,33
"ext","bare.soil","B1_glcm_homogeneity",-0.0960965039213167,0.59473932282015,33
"ext","bare.soil","B2_CV",-0.156879947859356,0.383276977607456,33
"ext","bare.soil","B2_RaoQ_w3",0.100152726687005,0.579204445267634,33
"ext","bare.soil","B2_RaoQ_w5",0.0878851475588209,0.626727563799139,33
"ext","bare.soil","B2_RaoQ_w7",0.0844377071361926,0.640363560330315,33
"ext","bare.soil","B2_RaoQ_w9",0.080529077790265,0.65596436870072,33
"ext","bare.soil","B2_glcm_ASM",0.0553395670476226,0.759697305691343,33
"ext","bare.soil","B2_glcm_contrast",0.183684236460915,0.306194984505922,33
"ext","bare.soil","B2_glcm_dissimilarity",0.156157839526167,0.385497876192626,33
"ext","bare.soil","B2_glcm_entropy",0.0210823081249345,0.90729460589099,33
"ext","bare.soil","B2_glcm_homogeneity",-0.0877525459544886,0.627249856770027,33
"ext","bare.soil","B3_CV",-0.0480368055222445,0.790652497183177,33
"ext","bare.soil","B3_RaoQ_w3",0.124170963044894,0.49115325951942,33
"ext","bare.soil","B3_RaoQ_w5",0.0970833172033684,0.590943316869077,33
"ext","bare.soil","B3_RaoQ_w7",0.0860887251347265,0.633818365470249,33
"ext","bare.soil","B3_RaoQ_w9",0.0790984710240736,0.661710758629296,33
"ext","bare.soil","B3_glcm_ASM",-0.092823517363725,0.607404704430671,33
"ext","bare.soil","B3_glcm_contrast",0.207425528711758,0.246751796566025,33
"ext","bare.soil","B3_glcm_dissimilarity",0.232260736213634,0.193374227172866,33
"ext","bare.soil","B3_glcm_entropy",-0.141388695313649,0.432539551798757,33
"ext","bare.soil","B3_glcm_homogeneity",-0.184296706930914,0.304556908217061,33
"ext","bare.soil","B4_CV",0.0533676411655619,0.76802215142679,33
"ext","bare.soil","B4_RaoQ_w3",0.149167733309789,0.407380157045734,33
"ext","bare.soil","B4_RaoQ_w5",0.138857601900774,0.440906210320382,33
"ext","bare.soil","B4_RaoQ_w7",0.135880778748775,0.450858042848034,33
"ext","bare.soil","B4_RaoQ_w9",0.132541255760447,0.462164755627403,33
"ext","bare.soil","B4_glcm_ASM",-0.00515852607107328,0.977270550633409,33
"ext","bare.soil","B4_glcm_contrast",0.23441511054248,0.189158332976316,33
"ext","bare.soil","B4_glcm_dissimilarity",0.272337068200965,0.125206558045782,33
"ext","bare.soil","B4_glcm_entropy",-0.0504433410347321,0.780414340689203,33
"ext","bare.soil","B4_glcm_homogeneity",-0.113876956632848,0.528035691570006,33
"ext","bare.soil","SSD",0.0367428864964213,0.839133799628143,33
"ext","grasses","B1_CV",0.234269560993544,0.189441113025416,33
"ext","grasses","B1_RaoQ_w3",0.0840594994385919,0.641866678514697,33
"ext","grasses","B1_RaoQ_w5",0.141731554354808,0.43141297584562,33
"ext","grasses","B1_RaoQ_w7",0.158209200389868,0.379208294734289,33
"ext","grasses","B1_RaoQ_w9",0.162361209887024,0.366663171891946,33
"ext","grasses","B1_glcm_ASM",0.235836391597204,0.186412542513864,33
"ext","grasses","B1_glcm_contrast",-0.248632991610105,0.162944197576976,33
"ext","grasses","B1_glcm_dissimilarity",-0.233237682543102,0.191454386200777,33
"ext","grasses","B1_glcm_entropy",0.235289320863225,0.187466101326301,33
"ext","grasses","B1_glcm_homogeneity",0.206023632144769,0.250031251031013,33
"ext","grasses","B2_CV",0.376608311115558,0.0307510909522471,33
"ext","grasses","B2_RaoQ_w3",0.226986077598833,0.203971927994333,33
"ext","grasses","B2_RaoQ_w5",0.294614403528349,0.0960433004129151,33
"ext","grasses","B2_RaoQ_w7",0.312009158077612,0.0771155435362103,33
"ext","grasses","B2_RaoQ_w9",0.313815143763917,0.0753293349249776,33
"ext","grasses","B2_glcm_ASM",0.150566445618799,0.402946143669788,33
"ext","grasses","B2_glcm_contrast",-0.18237127646076,0.309725214472789,33
"ext","grasses","B2_glcm_dissimilarity",-0.100873002635006,0.576464928176085,33
"ext","grasses","B2_glcm_entropy",0.144192351843069,0.423374831494458,33
"ext","grasses","B2_glcm_homogeneity",0.208752556907189,0.243673990027627,33
"ext","grasses","B3_CV",0.193876935349393,0.279655726260054,33
"ext","grasses","B3_RaoQ_w3",-0.00130646875245249,0.994242756683508,33
"ext","grasses","B3_RaoQ_w5",0.0600965533278096,0.739725073163849,33
"ext","grasses","B3_RaoQ_w7",0.0816157949588209,0.651612175007174,33
"ext","grasses","B3_RaoQ_w9",0.0894297150555305,0.620656957594039,33
"ext","grasses","B3_glcm_ASM",0.158903894916577,0.377092008422929,33
"ext","grasses","B3_glcm_contrast",-0.238371673072619,0.181584346925594,33
"ext","grasses","B3_glcm_dissimilarity",-0.251392012178121,0.158175288895832,33
"ext","grasses","B3_glcm_entropy",0.20686552066955,0.248058369157622,33
"ext","grasses","B3_glcm_homogeneity",0.212273009883711,0.235633557767408,33
"ext","grasses","B4_CV",-0.0539809366390858,0.765430237684539,33
"ext","grasses","B4_RaoQ_w3",-0.167432785105916,0.351678115310401,33
"ext","grasses","B4_RaoQ_w5",-0.16142785688118,0.369461592421429,33
"ext","grasses","B4_RaoQ_w7",-0.167550858627226,0.351333697334972,33
"ext","grasses","B4_RaoQ_w9",-0.174186911067336,0.33230404248726,33
"ext","grasses","B4_glcm_ASM",-0.0673080175002384,0.709767128764412,33
"ext","grasses","B4_glcm_contrast",-0.253655846817052,0.154338000210027,33
"ext","grasses","B4_glcm_dissimilarity",-0.265628933676046,0.135156180914734,33
"ext","grasses","B4_glcm_entropy",-0.0352530908074556,0.84557666543951,33
"ext","grasses","B4_glcm_homogeneity",-0.00837866091150451,0.963089798887209,33
"ext","grasses","SSD",0.0744305840625221,0.680591173593895,33
"ext","herbs","B1_CV",-0.233888989902903,0.190181902393514,33
"ext","herbs","B1_RaoQ_w3",0.00455476210609189,0.979930280944544,33
"ext","herbs","B1_RaoQ_w5",-0.0467176551779426,0.796279301653679,33
"ext","herbs","B1_RaoQ_w7",-0.0588885656683131,0.744781608794254,33
"ext","herbs","B1_RaoQ_w9",-0.0585127402408463,0.746356928984105,33
"ext","herbs","B1_glcm_ASM",-0.13525789203562,0.45295559858044,33
"ext","herbs","B1_glcm_contrast",0.276634584333667,0.11912419349137,33
"ext","herbs","B1_glcm_dissimilarity",0.255590612626915,0.151112162910044,33
"ext","herbs","B1_glcm_entropy",-0.137332564703246,0.445989543928113,33
"ext","herbs","B1_glcm_homogeneity",-0.176118768902751,0.326885560176896,33
"ext","herbs","B2_CV",-0.423439078205236,0.0140712149165845,33
"ext","herbs","B2_RaoQ_w3",-0.145480978674495,0.419199041343043,33
"ext","herbs","B2_RaoQ_w5",-0.207707563034129,0.246095511839561,33
"ext","herbs","B2_RaoQ_w7",-0.218011411252869,0.222913829118648,33
"ext","herbs","B2_RaoQ_w9",-0.212768765318002,0.234515802814099,33
"ext","herbs","B2_glcm_ASM",-0.0602771846088431,0.738969878233304,33
"ext","herbs","B2_glcm_contrast",0.2239955688067,0.210155616232701,33
"ext","herbs","B2_glcm_dissimilarity",0.127462231762848,0.479645330697117,33
"ext","herbs","B2_glcm_entropy",-0.0603812827755172,0.738534766536928,33
"ext","herbs","B2_glcm_homogeneity",-0.180262362479578,0.315448830793075,33
"ext","herbs","B3_CV",-0.184226528862495,0.304744321143582,33
"ext","herbs","B3_RaoQ_w3",0.0577238617400237,0.749666886636854,33
"ext","herbs","B3_RaoQ_w5",0.00245697801771523,0.989173009901956,33
"ext","herbs","B3_RaoQ_w7",-0.0124169069067814,0.945322454582622,33
"ext","herbs","B3_RaoQ_w9",-0.0136072686893488,0.940089691573793,33
"ext","herbs","B3_glcm_ASM",-0.0756676037821407,0.675568600289689,33
"ext","herbs","B3_glcm_contrast",0.24955831265704,0.161333453533079,33
"ext","herbs","B3_glcm_dissimilarity",0.228866962739903,0.200147803167379,33
"ext","herbs","B3_glcm_entropy",-0.116283155699898,0.519296038644067,33
"ext","herbs","B3_glcm_homogeneity",-0.197964606208574,0.26944365283266,33
"ext","herbs","B4_CV",0.061241112849504,0.734943886135157,33
"ext","herbs","B4_RaoQ_w3",0.184964521444487,0.302777127071872,33
"ext","herbs","B4_RaoQ_w5",0.185674298584744,0.300892735141333,33
"ext","herbs","B4_RaoQ_w7",0.201499603167239,0.260810999389543,33
"ext","herbs","B4_RaoQ_w9",0.216570039648455,0.226063897550479,33
"ext","herbs","B4_glcm_ASM",0.156961223154509,0.38302747666721,33
"ext","herbs","B4_glcm_contrast",0.262454747010487,0.140061516757643,33
"ext","herbs","B4_glcm_dissimilarity",0.24640947220957,0.166861832963008,33
"ext","herbs","B4_glcm_entropy",0.142565651113526,0.42867904070406,33
"ext","herbs","B4_glcm_homogeneity",0.0611429520261255,0.735353555194498,33
"ext","herbs","SSD",0.029978253879159,0.868464857717806,33
"ext","litter","B1_CV",-0.0163381614652188,0.92809447747606,33
"ext","litter","B1_RaoQ_w3",-0.0841429648796797,0.641534839942917,33
"ext","litter","B1_RaoQ_w5",-0.115016457148206,0.523888001145178,33
"ext","litter","B1_RaoQ_w7",-0.13563050142955,0.451700216660263,33
"ext","litter","B1_RaoQ_w9",-0.148267382732519,0.410248896982679,33
"ext","litter","B1_glcm_ASM",-0.237148988899268,0.183901696179419,33
"ext","litter","B1_glcm_contrast",0.0211491769256492,0.907001830713212,33
"ext","litter","B1_glcm_dissimilarity",0.0585140599002477,0.746351395695846,33
"ext","litter","B1_glcm_entropy",-0.224190825533195,0.209747979050489,33
"ext","litter","B1_glcm_homogeneity",-0.0416505573170513,0.817984305987251,33
"ext","litter","B2_CV",-0.0664786987310429,0.713191639668324,33
"ext","litter","B2_RaoQ_w3",-0.0834396130299263,0.644333322573371,33
"ext","litter","B2_RaoQ_w5",-0.131708000537538,0.465009185475689,33
"ext","litter","B2_RaoQ_w7",-0.173845034342147,0.333268650041841,33
"ext","litter","B2_RaoQ_w9",-0.208221058099505,0.244903614529144,33
"ext","litter","B2_glcm_ASM",-0.368626658379228,0.034778541511991,33
"ext","litter","B2_glcm_contrast",0.024135754214565,0.893938348447697,33
"ext","litter","B2_glcm_dissimilarity",0.0895508857501148,0.620181751576977,33
"ext","litter","B2_glcm_entropy",-0.341875974923457,0.0514951044606726,33
"ext","litter","B2_glcm_homogeneity",-0.0544470250517335,0.763462118336988,33
"ext","litter","B3_CV",-0.0380478521908078,0.833498655574059,33
"ext","litter","B3_RaoQ_w3",-0.0062011006221936,0.972678332226114,33
"ext","litter","B3_RaoQ_w5",-0.0263796593124643,0.884141139044618,33
"ext","litter","B3_RaoQ_w7",-0.0373852683822003,0.836358847971796,33
"ext","litter","B3_RaoQ_w9",-0.042643394525826,0.813720470121748,33
"ext","litter","B3_glcm_ASM",-0.186127965850882,0.299692190592313,33
"ext","litter","B3_glcm_contrast",0.0463361474012854,0.7979085063588,33
"ext","litter","B3_glcm_dissimilarity",0.0728824692164394,0.686895863737863,33
"ext","litter","B3_glcm_entropy",-0.186567618655234,0.298531634671109,33
"ext","litter","B3_glcm_homogeneity",-0.120740922303089,0.503294669039793,33
"ext","litter","B4_CV",-0.0474465828835269,0.793168813737944,33
"ext","litter","B4_RaoQ_w3",0.00806573056599084,0.964467455655998,33
"ext","litter","B4_RaoQ_w5",0.00802220190100087,0.964659096028521,33
"ext","litter","B4_RaoQ_w7",0.00933234288287786,0.958891934680142,33
"ext","litter","B4_RaoQ_w9",0.0123114565228841,0.945786119827412,33
"ext","litter","B4_glcm_ASM",0.204875139728333,0.252739386285831,33
"ext","litter","B4_glcm_contrast",0.000637380320664056,0.997191225085098,33
"ext","litter","B4_glcm_dissimilarity",-0.0282315044345429,0.876068322663033,33
"ext","litter","B4_glcm_entropy",0.21364069981764,0.23255856893269,33
"ext","litter","B4_glcm_homogeneity",0.214468782128328,0.23070999854197,33
"ext","litter","SSD",-0.208795392865695,0.243575068738429,33
"ext","moss","B1_CV",0.0984396837400119,0.5857431046247,33
"ext","moss","B1_RaoQ_w3",-0.11716131919818,0.51612420829097,33
"ext","moss","B1_RaoQ_w5",-0.0842490310799447,0.641113244380039,33
"ext","moss","B1_RaoQ_w7",-0.0736040956857947,0.683954435735608,33
"ext","moss","B1_RaoQ_w9",-0.0728378025782017,0.687078078548967,33
"ext","moss","B1_glcm_ASM",0.0642023646684605,0.722619425234317,33
"ext","moss","B1_glcm_contrast",-0.235907082485797,0.186276708758241,33
"ext","moss","B1_glcm_dissimilarity",-0.246705374187268,0.166336635601317,33
"ext","moss","B1_glcm_entropy",0.0737146238603518,0.683504311911954,33
"ext","moss","B1_glcm_homogeneity",0.0841850377638591,0.641367594044958,33
"ext","moss","B2_CV",0.311418105018034,0.0777071935793247,33
"ext","moss","B2_RaoQ_w3",-0.054084320701836,0.764993560196996,33
"ext","moss","B2_RaoQ_w5",-0.00269837398330113,0.988109339008281,33
"ext","moss","B2_RaoQ_w7",0.0222141526923658,0.902340635740845,33
"ext","moss","B2_RaoQ_w9",0.037096644122554,0.837605405295934,33
"ext","moss","B2_glcm_ASM",0.131570110910631,0.465480781108418,33
"ext","moss","B2_glcm_contrast",-0.224895205524718,0.208281969652921,33
"ext","moss","B2_glcm_dissimilarity",-0.209110740849038,0.242847659602466,33
"ext","moss","B2_glcm_entropy",0.136650879821832,0.44827198993983,33
"ext","moss","B2_glcm_homogeneity",0.0928941493773277,0.607130177220014,33
"ext","moss","B3_CV",0.0911338343598001,0.613987664018957,33
"ext","moss","B3_RaoQ_w3",-0.146865027819013,0.414739799137662,33
"ext","moss","B3_RaoQ_w5",-0.112178210236179,0.534248375967648,33
"ext","moss","B3_RaoQ_w7",-0.10419314454749,0.563912788453949,33
"ext","moss","B3_RaoQ_w9",-0.106231686779776,0.556268447863264,33
"ext","moss","B3_glcm_ASM",0.0810011675396984,0.654072321652478,33
"ext","moss","B3_glcm_contrast",-0.216542785976043,0.226123748895738,33
"ext","moss","B3_glcm_dissimilarity",-0.193110600044345,0.281597695281244,33
"ext","moss","B3_glcm_entropy",0.104898803323898,0.561261197593736,33
"ext","moss","B3_glcm_homogeneity",0.208219788392384,0.244906556947899,33
"ext","moss","B4_CV",-0.0184451244606227,0.91885029055563,33
"ext","moss","B4_RaoQ_w3",-0.152580235074328,0.39661083054472,33
"ext","moss","B4_RaoQ_w5",-0.157589685146173,0.381101403944558,33
"ext","moss","B4_RaoQ_w7",-0.175590836898078,0.328360858460622,33
"ext","moss","B4_RaoQ_w9",-0.192624495931248,0.282834028158639,33
"ext","moss","B4_glcm_ASM",-0.317439587858068,0.0718415796868566,33
"ext","moss","B4_glcm_contrast",-0.196363576245293,0.273414064666225,33
"ext","moss","B4_glcm_dissimilarity",-0.148429098909101,0.409732790124699,33
"ext","moss","B4_glcm_entropy",-0.323980961246918,0.0658664373624554,33
"ext","moss","B4_glcm_homogeneity",-0.195504680888742,0.275559637735287,33
"ext","moss","SSD",-0.0218302048729561,0.904020741039022,33
"ext","veg_height_cm","B1_CV",-0.0542736388384432,0.764194095308123,33
"ext","veg_height_cm","B1_RaoQ_w3",0.0535593189576668,0.76721181495775,33
"ext","veg_height_cm","B1_RaoQ_w5",0.0283683725490556,0.875472144594422,33
"ext","veg_height_cm","B1_RaoQ_w7",0.0249889598956719,0.890211238931033,33
"ext","veg_height_cm","B1_RaoQ_w9",0.0270103667062256,0.881390347543468,33
"ext","veg_height_cm","B1_glcm_ASM",0.120179656683336,0.505295637951005,33
"ext","veg_height_cm","B1_glcm_contrast",0.244162138816457,0.170889339564377,33
"ext","veg_height_cm","B1_glcm_dissimilarity",0.141003889923003,0.433805882280061,33
"ext","veg_height_cm","B1_glcm_entropy",0.0821926050176121,0.649306672871627,33
"ext","veg_height_cm","B1_glcm_homogeneity",-0.227488336962007,0.202945849359831,33
"ext","veg_height_cm","B2_CV",-0.0853461490211734,0.636758857491378,33
"ext","veg_height_cm","B2_RaoQ_w3",-0.0306952413685723,0.865347172285496,33
"ext","veg_height_cm","B2_RaoQ_w5",-0.0610157246181751,0.735884638617133,33
"ext","veg_height_cm","B2_RaoQ_w7",-0.0591307498212164,0.743767000067403,33
"ext","veg_height_cm","B2_RaoQ_w9",-0.0479287667210148,0.791112948447427,33
"ext","veg_height_cm","B2_glcm_ASM",0.224493698108883,0.209116749704627,33
"ext","veg_height_cm","B2_glcm_contrast",0.195654071606204,0.275185668291043,33
"ext","veg_height_cm","B2_glcm_dissimilarity",0.0152617710393356,0.932820721294438,33
"ext","veg_height_cm","B2_glcm_entropy",0.19616507860286,0.273908956451036,33
"ext","veg_height_cm","B2_glcm_homogeneity",-0.0938989511941596,0.603230509441761,33
"ext","veg_height_cm","B3_CV",-0.0563312098419065,0.755520820455561,33
"ext","veg_height_cm","B3_RaoQ_w3",0.100041459874435,0.579628158008571,33
"ext","veg_height_cm","B3_RaoQ_w5",0.0696951842130661,0.699941056052218,33
"ext","veg_height_cm","B3_RaoQ_w7",0.0662282244153764,0.714227009697469,33
"ext","veg_height_cm","B3_RaoQ_w9",0.0716353795493838,0.691989755504539,33
"ext","veg_height_cm","B3_glcm_ASM",0.0772057582335801,0.669342474102863,33
"ext","veg_height_cm","B3_glcm_contrast",0.239934917037216,0.178651639956397,33
"ext","veg_height_cm","B3_glcm_dissimilarity",0.114777910732819,0.524754974719786,33
"ext","veg_height_cm","B3_glcm_entropy",0.053148950488631,0.76894698191635,33
"ext","veg_height_cm","B3_glcm_homogeneity",-0.201849099290499,0.259967506960992,33
"ext","veg_height_cm","B4_CV",0.170999352576255,0.341364291713305,33
"ext","veg_height_cm","B4_RaoQ_w3",0.221916202797302,0.214530533380402,33
"ext","veg_height_cm","B4_RaoQ_w5",0.217681079429801,0.223633106190238,33
"ext","veg_height_cm","B4_RaoQ_w7",0.223336965036746,0.211534600816976,33
"ext","veg_height_cm","B4_RaoQ_w9",0.229883567728475,0.198101739298593,33
"ext","veg_height_cm","B4_glcm_ASM",0.232517676928178,0.192868004036478,33
"ext","veg_height_cm","B4_glcm_contrast",0.257148359998042,0.148550636525351,33
"ext","veg_height_cm","B4_glcm_dissimilarity",0.203021806382792,0.25715036196072,33
"ext","veg_height_cm","B4_glcm_entropy",0.220111040124327,0.218378812650047,33
"ext","veg_height_cm","B4_glcm_homogeneity",0.132601658036611,0.461958923767408,33
"ext","veg_height_cm","SSD",0.1836497435458,0.306287401962382,33
"semi_nat","bare.soil","B1_CV",-0.0544156626301956,0.800626057686831,24
"semi_nat","bare.soil","B1_RaoQ_w3",-0.106115934898297,0.621655762141132,24
"semi_nat","bare.soil","B1_RaoQ_w5",-0.122290718865712,0.569178850713964,24
"semi_nat","bare.soil","B1_RaoQ_w7",-0.141054598514471,0.510902133266897,24
"semi_nat","bare.soil","B1_RaoQ_w9",-0.151791025774663,0.478918478291052,24
"semi_nat","bare.soil","B1_glcm_ASM",-0.140462755107632,0.51269485970922,24
"semi_nat","bare.soil","B1_glcm_contrast",-0.0647102850110112,0.763867601756999,24
"semi_nat","bare.soil","B1_glcm_dissimilarity",0.316172087327935,0.132284953172453,24
"semi_nat","bare.soil","B1_glcm_entropy",-0.105844651579045,0.622552335454511,24
"semi_nat","bare.soil","B1_glcm_homogeneity",0.123461750748975,0.565457385434189,24
"semi_nat","bare.soil","B2_CV",-0.0481116076570027,0.823345416902972,24
"semi_nat","bare.soil","B2_RaoQ_w3",-0.0177515032716618,0.934385920421757,24
"semi_nat","bare.soil","B2_RaoQ_w5",-0.0378205437733191,0.860723432209212,24
"semi_nat","bare.soil","B2_RaoQ_w7",-0.0671612097541642,0.755185523759086,24
"semi_nat","bare.soil","B2_RaoQ_w9",-0.0931310469343884,0.66513553594227,24
"semi_nat","bare.soil","B2_glcm_ASM",-0.0989713049118783,0.645439158510948,24
"semi_nat","bare.soil","B2_glcm_contrast",0.0238148537410072,0.912048084439671,24
"semi_nat","bare.soil","B2_glcm_dissimilarity",0.295816438963069,0.160474511606604,24
"semi_nat","bare.soil","B2_glcm_entropy",-0.0684183268831974,0.750743413299303,24
"semi_nat","bare.soil","B2_glcm_homogeneity",0.0717128874182802,0.739138577914129,24
"semi_nat","bare.soil","B3_CV",-0.0980932901463344,0.648385950871723,24
"semi_nat","bare.soil","B3_RaoQ_w3",-0.0679432555485908,0.752421216086531,24
"semi_nat","bare.soil","B3_RaoQ_w5",-0.0948623482371182,0.659273512017408,24
"semi_nat","bare.soil","B3_RaoQ_w7",-0.107987509376074,0.615484610889902,24
"semi_nat","bare.soil","B3_RaoQ_w9",-0.114809586869143,0.59320591222827,24
"semi_nat","bare.soil","B3_glcm_ASM",-0.221968442787587,0.297205645344622,24
"semi_nat","bare.soil","B3_glcm_contrast",-0.192899980823054,0.366479122996122,24
"semi_nat","bare.soil","B3_glcm_dissimilarity",-0.214948512764089,0.31313421526072,24
"semi_nat","bare.soil","B3_glcm_entropy",-0.23710077453586,0.264617262893491,24
"semi_nat","bare.soil","B3_glcm_homogeneity",-0.218356917574924,0.305336303390437,24
"semi_nat","bare.soil","B4_CV",-0.233159678865273,0.272874556244055,24
"semi_nat","bare.soil","B4_RaoQ_w3",-0.24744150087594,0.243720632578456,24
"semi_nat","bare.soil","B4_RaoQ_w5",-0.268560657995798,0.204475447905402,24
"semi_nat","bare.soil","B4_RaoQ_w7",-0.261555356400471,0.216986293782993,24
"semi_nat","bare.soil","B4_RaoQ_w9",-0.249901037257274,0.238913868845464,24
"semi_nat","bare.soil","B4_glcm_ASM",-0.141705943327628,0.508932701042947,24
"semi_nat","bare.soil","B4_glcm_contrast",-0.208489121618295,0.328243265995339,24
"semi_nat","bare.soil","B4_glcm_dissimilarity",-0.201210201099434,0.345786180893246,24
"semi_nat","bare.soil","B4_glcm_entropy",-0.14995432381479,0.484316776254782,24
"semi_nat","bare.soil","B4_glcm_homogeneity",-0.139977722588889,0.514166319388245,24
"semi_nat","bare.soil","SSD",0.0627294471676796,0.770904743907545,24
"semi_nat","grasses","B1_CV",0.578216681236778,0.0030806890658173,24
"semi_nat","grasses","B1_RaoQ_w3",-0.108600854092359,0.613467689418654,24
"semi_nat","grasses","B1_RaoQ_w5",-0.0780700917086583,0.716903231953973,24
"semi_nat","grasses","B1_RaoQ_w7",-0.105032425654327,0.625239798141686,24
"semi_nat","grasses","B1_RaoQ_w9",-0.135651661745137,0.52738011577785,24
"semi_nat","grasses","B1_glcm_ASM",-0.197190095818726,0.355708435669671,24
"semi_nat","grasses","B1_glcm_contrast",-0.340569223895664,0.103422736432188,24
"semi_nat","grasses","B1_glcm_dissimilarity",0.216161893384588,0.310344334435193,24
"semi_nat","grasses","B1_glcm_entropy",-0.033941991952738,0.874890736193272,24
"semi_nat","grasses","B1_glcm_homogeneity",0.413201784032081,0.0447589995153499,24
"semi_nat","grasses","B2_CV",0.490929566391832,0.0148531927298822,24
"semi_nat","grasses","B2_RaoQ_w3",-0.0306723736157384,0.886862988457791,24
"semi_nat","grasses","B2_RaoQ_w5",-0.0134519990848672,0.950255754321083,24
"semi_nat","grasses","B2_RaoQ_w7",-0.0534088402468638,0.804244562568373,24
"semi_nat","grasses","B2_RaoQ_w9",-0.107144681853403,0.618260573270642,24
"semi_nat","grasses","B2_glcm_ASM",-0.0402955694562794,0.851704292296978,24
"semi_nat","grasses","B2_glcm_contrast",-0.302624640041752,0.150613830468295,24
"semi_nat","grasses","B2_glcm_dissimilarity",0.145725860361671,0.496860354286789,24
"semi_nat","grasses","B2_glcm_entropy",0.0702896656270426,0.744145154969599,24
"semi_nat","grasses","B2_glcm_homogeneity",0.341132023381777,0.102817096865007,24
"semi_nat","grasses","B3_CV",0.474009048877506,0.0192836833170278,24
"semi_nat","grasses","B3_RaoQ_w3",-0.20947327698903,0.325913324238471,24
"semi_nat","grasses","B3_RaoQ_w5",-0.1556625162072,0.467640565947265,24
"semi_nat","grasses","B3_RaoQ_w7",-0.158591021702044,0.459201502299435,24
"semi_nat","grasses","B3_RaoQ_w9",-0.174010392448632,0.416105090148964,24
"semi_nat","grasses","B3_glcm_ASM",-0.263592527007732,0.213296527235902,24
"semi_nat","grasses","B3_glcm_contrast",-0.450005976530701,0.0273517833257154,24
"semi_nat","grasses","B3_glcm_dissimilarity",-0.194297059635767,0.36295107489952,24
"semi_nat","grasses","B3_glcm_entropy",-0.162266366364938,0.448723612251791,24
"semi_nat","grasses","B3_glcm_homogeneity",0.108568913206457,0.613572656798821,24
"semi_nat","grasses","B4_CV",0.0394845698223777,0.854657692393523,24
"semi_nat","grasses","B4_RaoQ_w3",-0.196324448322196,0.357866615889475,24
"semi_nat","grasses","B4_RaoQ_w5",-0.225247072806353,0.289942174157536,24
"semi_nat","grasses","B4_RaoQ_w7",-0.258281202277317,0.223005495010159,24
"semi_nat","grasses","B4_RaoQ_w9",-0.286648655915888,0.174457074159309,24
"semi_nat","grasses","B4_glcm_ASM",-0.280275383468997,0.184662048991866,24
"semi_nat","grasses","B4_glcm_contrast",-0.392677888546656,0.0576861187807436,24
"semi_nat","grasses","B4_glcm_dissimilarity",-0.101788923619808,0.636017755419304,24
"semi_nat","grasses","B4_glcm_entropy",-0.234623791073809,0.26978806991678,24
"semi_nat","grasses","B4_glcm_homogeneity",0.0461595662977301,0.830409338814145,24
"semi_nat","grasses","SSD",0.291706335855465,0.16664233273403,24
"semi_nat","herbs","B1_CV",-0.559075774632399,0.00451041854352239,24
"semi_nat","herbs","B1_RaoQ_w3",0.164129533650555,0.443460619602726,24
"semi_nat","herbs","B1_RaoQ_w5",0.135726687045733,0.527149589699676,24
"semi_nat","herbs","B1_RaoQ_w7",0.172447498841734,0.420369189055102,24
"semi_nat","herbs","B1_RaoQ_w9",0.210657229263656,0.32312365882006,24
"semi_nat","herbs","B1_glcm_ASM",0.34971693689225,0.09390072294359,24
"semi_nat","herbs","B1_glcm_contrast",0.468305656822197,0.0209987053674405,24
"semi_nat","herbs","B1_glcm_dissimilarity",-0.186092411518257,0.383952844924754,24
"semi_nat","herbs","B1_glcm_entropy",0.182465112156812,0.393453567333289,24
"semi_nat","herbs","B1_glcm_homogeneity",-0.39147754937068,0.0585229516807249,24
"semi_nat","herbs","B2_CV",-0.588838902140742,0.00246824888758777,24
"semi_nat","herbs","B2_RaoQ_w3",-0.0133519753785183,0.950625191629593,24
"semi_nat","herbs","B2_RaoQ_w5",-0.0317291276447488,0.882990754505343,24
"semi_nat","herbs","B2_RaoQ_w7",0.0178933113947972,0.93386287509028,24
"semi_nat","herbs","B2_RaoQ_w9",0.0792092721224261,0.712941646810163,24
"semi_nat","herbs","B2_glcm_ASM",0.166660009502029,0.436365485355835,24
"semi_nat","herbs","B2_glcm_contrast",0.426493082576926,0.0376820580922784,24
"semi_nat","herbs","B2_glcm_dissimilarity",-0.153938301042411,0.472646335481844,24
"semi_nat","herbs","B2_glcm_entropy",0.0472390803231087,0.826501251458748,24
"semi_nat","herbs","B2_glcm_homogeneity",-0.343134264916923,0.100683694569937,24
"semi_nat","herbs","B3_CV",-0.476148686532104,0.0186704012943299,24
"semi_nat","herbs","B3_RaoQ_w3",0.262848987301199,0.21463832951585,24
"semi_nat","herbs","B3_RaoQ_w5",0.20154313380416,0.34497187747908,24
"semi_nat","herbs","B3_RaoQ_w7",0.207692485933334,0.330136600248867,24
"semi_nat","herbs","B3_RaoQ_w9",0.228332568141799,0.283208997541912,24
"semi_nat","herbs","B3_glcm_ASM",0.311027957763176,0.139044913393626,24
"semi_nat","herbs","B3_glcm_contrast",0.580109342202384,0.0029630056677466,24
"semi_nat","herbs","B3_glcm_dissimilarity",0.19922094801141,0.350675288663286,24
"semi_nat","herbs","B3_glcm_entropy",0.177612419965738,0.406368529295829,24
"semi_nat","herbs","B3_glcm_homogeneity",-0.199010332822839,0.351195304316096,24
"semi_nat","herbs","B4_CV",0.00653546945844671,0.975821303031323,24
"semi_nat","herbs","B4_RaoQ_w3",0.288789045361378,0.171119454050205,24
"semi_nat","herbs","B4_RaoQ_w5",0.310969250511887,0.139123461006524,24
"semi_nat","herbs","B4_RaoQ_w7",0.351200527414071,0.0924202038114823,24
"semi_nat","herbs","B4_RaoQ_w9",0.387707738336901,0.0612121549600875,24
"semi_nat","herbs","B4_glcm_ASM",0.38829123535524,0.0607898095196997,24
"semi_nat","herbs","B4_glcm_contrast",0.496599317624217,0.0135702612323022,24
"semi_nat","herbs","B4_glcm_dissimilarity",0.072944971160977,0.734812662541941,24
"semi_nat","herbs","B4_glcm_entropy",0.322033433454043,0.12487472240049,24
"semi_nat","herbs","B4_glcm_homogeneity",-0.0830097935591541,0.69977755468312,24
"semi_nat","herbs","SSD",-0.148062623711882,0.489908608171264,24
"semi_nat","litter","B1_CV",0.277231041781375,0.18967876481585,24
"semi_nat","litter","B1_RaoQ_w3",0.1161310771901,0.588930424000291,24
"semi_nat","litter","B1_RaoQ_w5",0.134276285722794,0.531614610825892,24
"semi_nat","litter","B1_RaoQ_w7",0.132792782316864,0.536199893063398,24
"semi_nat","litter","B1_RaoQ_w9",0.128801598737071,0.548627114331429,24
"semi_nat","litter","B1_glcm_ASM",0.0773972535052109,0.719246416394243,24
"semi_nat","litter","B1_glcm_contrast",-0.114983416932913,0.592642755971559,24
"semi_nat","litter","B1_glcm_dissimilarity",-0.341799376697563,0.102102347570483,24
"semi_nat","litter","B1_glcm_entropy",0.145474979934315,0.497609604030045,24
"semi_nat","litter","B1_glcm_homogeneity",0.13325097357726,0.53478172068106,24
"semi_nat","litter","B2_CV",0.315604218106457,0.13301934405399,24
"semi_nat","litter","B2_RaoQ_w3",0.228642674860772,0.282537775915142,24
"semi_nat","litter","B2_RaoQ_w5",0.247892689987179,0.24283416196892,24
"semi_nat","litter","B2_RaoQ_w7",0.226219852212909,0.287808649750737,24
"semi_nat","litter","B2_RaoQ_w9",0.196441540449521,0.357574241637076,24
"semi_nat","litter","B2_glcm_ASM",0.202323819169654,0.34306690296715,24
"semi_nat","litter","B2_glcm_contrast",-0.108150763049105,0.614947503173351,24
"semi_nat","litter","B2_glcm_dissimilarity",-0.1135442655713,0.597312014776507,24
"semi_nat","litter","B2_glcm_entropy",0.250843810981517,0.237087977687528,24
"semi_nat","litter","B2_glcm_homogeneity",0.267570325644688,0.20621380150874,24
"semi_nat","litter","B3_CV",0.267134913396225,0.206981239478988,24
"semi_nat","litter","B3_RaoQ_w3",0.0947230807863998,0.659744345073443,24
"semi_nat","litter","B3_RaoQ_w5",0.131363950600765,0.540633616009495,24
"semi_nat","litter","B3_RaoQ_w7",0.136557648587204,0.524599542437836,24
"semi_nat","litter","B3_RaoQ_w9",0.130830684486881,0.542292717495895,24
"semi_nat","litter","B3_glcm_ASM",0.0973493744126645,0.650886696083525,24
"semi_nat","litter","B3_glcm_contrast",-0.174939444862523,0.413581619823272,24
"semi_nat","litter","B3_glcm_dissimilarity",-0.398702228534898,0.0536249493739197,24
"semi_nat","litter","B3_glcm_entropy",0.179597152868465,0.401058180032777,24
"semi_nat","litter","B3_glcm_homogeneity",0.180569382421702,0.398471095440489,24
"semi_nat","litter","B4_CV",0.111004202766121,0.605590818529956,24
"semi_nat","litter","B4_RaoQ_w3",0.0638993375695767,0.766746422592762,24
"semi_nat","litter","B4_RaoQ_w5",0.0803803252465782,0.708876715262687,24
"semi_nat","litter","B4_RaoQ_w7",0.088681347574988,0.680288706840998,24
"semi_nat","litter","B4_RaoQ_w9",0.0950692835460241,0.65857414046659,24
"semi_nat","litter","B4_glcm_ASM",0.124114124225285,0.563388911494302,24
"semi_nat","litter","B4_glcm_contrast",-0.110154415598404,0.608371146054941,24
"semi_nat","litter","B4_glcm_dissimilarity",-0.184769320570411,0.387403084101425,24
"semi_nat","litter","B4_glcm_entropy",0.188965682672845,0.376520697326421,24
"semi_nat","litter","B4_glcm_homogeneity",0.243125654716443,0.252306923319077,24
"semi_nat","litter","SSD",0.127980938784147,0.551198657928617,24
"semi_nat","moss","B1_CV",-0.106727706255623,0.619635815782561,24
"semi_nat","moss","B1_RaoQ_w3",-0.197755730239937,0.354302363180203,24
"semi_nat","moss","B1_RaoQ_w5",-0.205724396518668,0.334842192679121,24
"semi_nat","moss","B1_RaoQ_w7",-0.226759185724622,0.286630024405435,24
"semi_nat","moss","B1_RaoQ_w9",-0.243779048036653,0.250994581458,24
"semi_nat","moss","B1_glcm_ASM",-0.381594118778307,0.0657742948230653,24
"semi_nat","moss","B1_glcm_contrast",-0.23892750938852,0.260844854347792,24
"semi_nat","moss","B1_glcm_dissimilarity",0.162976569580081,0.446713584390683,24
"semi_nat","moss","B1_glcm_entropy",-0.394338982344652,0.056543349722775,24
"semi_nat","moss","B1_glcm_homogeneity",-0.0769403191512912,0.720839109254606,24
"semi_nat","moss","B2_CV",0.0882811608909679,0.681657526083794,24
"semi_nat","moss","B2_RaoQ_w3",-0.0720974416518267,0.73778755512622,24
"semi_nat","moss","B2_RaoQ_w5",-0.0760592016702344,0.72391351368263,24
"semi_nat","moss","B2_RaoQ_w7",-0.083506762887582,0.69806226460575,24
"semi_nat","moss","B2_RaoQ_w9",-0.0843928704064095,0.695007424196087,24
"semi_nat","moss","B2_glcm_ASM",-0.391017301472335,0.0588462934399787,24
"semi_nat","moss","B2_glcm_contrast",-0.244160837355978,0.250229810823275,24
"semi_nat","moss","B2_glcm_dissimilarity",0.0718288234700154,0.738731190255335,24
"semi_nat","moss","B2_glcm_entropy",-0.390034354926133,0.0595414656726322,24
"semi_nat","moss","B2_glcm_homogeneity",-0.127064204607471,0.554077750223871,24
"semi_nat","moss","B3_CV",-0.0689956954149514,0.748705804294196,24
"semi_nat","moss","B3_RaoQ_w3",-0.205586226473163,0.335174051547968,24
"semi_nat","moss","B3_RaoQ_w5",-0.200067041605906,0.348590835247647,24
"semi_nat","moss","B3_RaoQ_w7",-0.208520384800667,0.328169097775294,24
"semi_nat","moss","B3_RaoQ_w9",-0.217113070408218,0.308168033029087,24
"semi_nat","moss","B3_glcm_ASM",-0.178187891530249,0.404824796246695,24
"semi_nat","moss","B3_glcm_contrast",-0.200715825695993,0.346997447984747,24
"semi_nat","moss","B3_glcm_dissimilarity",0.268068586373583,0.205337949773891,24
"semi_nat","moss","B3_glcm_entropy",-0.14655563651364,0.494386232109944,24
"semi_nat","moss","B3_glcm_homogeneity",0.121167266810066,0.572759296085156,24
"semi_nat","moss","B4_CV",-0.121849207015294,0.570584764510867,24
"semi_nat","moss","B4_RaoQ_w3",-0.229213925970656,0.281303938089325,24
"semi_nat","moss","B4_RaoQ_w5",-0.22885374534015,0.282081490843111,24
"semi_nat","moss","B4_RaoQ_w7",-0.257345803868733,0.22474532843042,24
"semi_nat","moss","B4_RaoQ_w9",-0.286343235350564,0.174936989798952,24
"semi_nat","moss","B4_glcm_ASM",-0.339232614060741,0.104871647413369,24
"semi_nat","moss","B4_glcm_contrast",-0.177794484163006,0.405879779454692,24
"semi_nat","moss","B4_glcm_dissimilarity",0.204226442424076,0.3384505014961,24
"semi_nat","moss","B4_glcm_entropy",-0.331490976925447,0.113559741828735,24
"semi_nat","moss","B4_glcm_homogeneity",-0.0593531326464549,0.782939706990019,24
"semi_nat","moss","SSD",-0.337174322364721,0.10713209024443,24
"semi_nat","veg_height_cm","B1_CV",0.0226063020858165,0.916495854398187,24
"semi_nat","veg_height_cm","B1_RaoQ_w3",-0.00407181939607934,0.98493453856083,24
"semi_nat","veg_height_cm","B1_RaoQ_w5",-0.0346360917017487,0.872352509085311,24
"semi_nat","veg_height_cm","B1_RaoQ_w7",-0.0464075463061067,0.829511245864615,24
"semi_nat","veg_height_cm","B1_RaoQ_w9",-0.0469996380998933,0.827367745489196,24
"semi_nat","veg_height_cm","B1_glcm_ASM",-0.0247007509539078,0.908789382284205,24
"semi_nat","veg_height_cm","B1_glcm_contrast",0.0983510511126473,0.647520320132205,24
"semi_nat","veg_height_cm","B1_glcm_dissimilarity",-0.0237855352799957,0.912155953860494,24
"semi_nat","veg_height_cm","B1_glcm_entropy",-0.11262550053883,0.600301012412504,24
"semi_nat","veg_height_cm","B1_glcm_homogeneity",-0.242848565308935,0.252864798261253,24
"semi_nat","veg_height_cm","B2_CV",-0.0643408339038166,0.765178759829362,24
"semi_nat","veg_height_cm","B2_RaoQ_w3",-0.0646374838433018,0.764125918701682,24
"semi_nat","veg_height_cm","B2_RaoQ_w5",-0.0942128880616766,0.661470265747279,24
"semi_nat","veg_height_cm","B2_RaoQ_w7",-0.111617033906043,0.60358905302147,24
"semi_nat","veg_height_cm","B2_RaoQ_w9",-0.119541475937645,0.577958220675726,24
"semi_nat","veg_height_cm","B2_glcm_ASM",-0.00560612235897427,0.979258746049956,24
"semi_nat","veg_height_cm","B2_glcm_contrast",0.176376007490295,0.409696298790584,24
"semi_nat","veg_height_cm","B2_glcm_dissimilarity",0.148398529882751,0.488913323249985,24
"semi_nat","veg_height_cm","B2_glcm_entropy",-0.0188507175292511,0.930332281869265,24
"semi_nat","veg_height_cm","B2_glcm_homogeneity",-0.0669245981496334,0.756022454456364,24
"semi_nat","veg_height_cm","B3_CV",-0.0126513702854199,0.953213147323786,24
"semi_nat","veg_height_cm","B3_RaoQ_w3",0.00333702578367679,0.987653002096833,24
"semi_nat","veg_height_cm","B3_RaoQ_w5",-0.0231893799876117,0.914349671442538,24
"semi_nat","veg_height_cm","B3_RaoQ_w7",-0.0416195795072513,0.846886843678236,24
"semi_nat","veg_height_cm","B3_RaoQ_w9",-0.0472399474262264,0.826498113940518,24
"semi_nat","veg_height_cm","B3_glcm_ASM",-0.0173927534229503,0.935709251136243,24
"semi_nat","veg_height_cm","B3_glcm_contrast",0.0701747757609927,0.74454975395347,24
"semi_nat","veg_height_cm","B3_glcm_dissimilarity",-0.0727166151305084,0.735613847337678,24
"semi_nat","veg_height_cm","B3_glcm_entropy",-0.0729139296187531,0.734921555735425,24
"semi_nat","veg_height_cm","B3_glcm_homogeneity",-0.164994248617021,0.441029203261767,24
"semi_nat","veg_height_cm","B4_CV",0.0153847998556605,0.943119000343159,24
"semi_nat","veg_height_cm","B4_RaoQ_w3",0.103739102300176,0.629528663783545,24
"semi_nat","veg_height_cm","B4_RaoQ_w5",0.0490513700865056,0.819949371091148,24
"semi_nat","veg_height_cm","B4_RaoQ_w7",0.0192678247226495,0.928794525044508,24
"semi_nat","veg_height_cm","B4_RaoQ_w9",0.00368735906229379,0.986356880614122,24
"semi_nat","veg_height_cm","B4_glcm_ASM",-0.0584415026849526,0.7861976601351,24
"semi_nat","veg_height_cm","B4_glcm_contrast",0.136679462867565,0.524226214357879,24
"semi_nat","veg_height_cm","B4_glcm_dissimilarity",0.0539038471148196,0.802465022842403,24
"semi_nat","veg_height_cm","B4_glcm_entropy",-0.164713303492889,0.441818388138021,24
"semi_nat","veg_height_cm","B4_glcm_homogeneity",-0.348314645544654,0.0953162959498725,24
"semi_nat","veg_height_cm","SSD",0.258221450181075,0.22311636469985,24
